<?xml version='1.0' encoding='ASCII'?>
<!DOCTYPE article PUBLIC "-//NLM//DTD JATS (Z39.96) Journal Publishing DTD v1.1 20151215//EN" "https://jats.nlm.nih.gov/publishing/1.1/JATS-journalpublishing1.dtd">
<article xmlns:xlink="http://www.w3.org/1999/xlink" specific-use="sps-1.9" dtd-version="1.1" xml:lang="pt" article-type="research-article"><front><journal-meta><journal-id journal-id-type="publisher-id">rba</journal-id><journal-title-group><journal-title>Revista Brasileira de Anestesiologia</journal-title><abbrev-journal-title abbrev-type="publisher">Rev. Bras. Anestesiol.</abbrev-journal-title></journal-title-group><issn pub-type="ppub">0034-7094</issn><issn pub-type="epub">1806-907X</issn><publisher><publisher-name>Sociedade Brasileira de Anestesiologia</publisher-name><publisher-loc>Campinas, SP, Brazil</publisher-loc></publisher></journal-meta><article-meta><article-id pub-id-type="publisher-id" specific-use="scielo">JV5Lb3v3HBYmPPdG6QD9jGQ</article-id><article-id pub-id-type="publisher-id">S0034-70942003000100001</article-id><article-id pub-id-type="doi">10.1590/S0034-70942003000100001</article-id><article-categories><subj-group subj-group-type="heading"><subject>Artigos Cient&#237;ficos</subject></subj-group></article-categories><title-group><article-title>Avalia&#231;&#227;o dos par&#226;metros derivados do eletroencefalograma durante administra&#231;&#227;o de diferentes concentra&#231;&#245;es de &#243;xido nitroso</article-title><trans-title-group xml:lang="en"><trans-title>Evaluation of electroencephalographic parameters during the administration of different nitrous oxide concentrations</trans-title></trans-title-group><trans-title-group xml:lang="es"><trans-title>Evaluaci&#243;n de los par&#225;metros derivados del electroencefalograma durante administraci&#243;n de diferentes concentraciones de &#243;xido nitroso</trans-title></trans-title-group></title-group><contrib-group><contrib contrib-type="author"><name><surname>Cavalcante</surname><given-names>Sara L&#250;cia</given-names></name><role>ND</role><xref ref-type="aff" rid="aff01"/></contrib><contrib contrib-type="author"><name><surname>Nunes</surname><given-names>Rogean Rodrigues</given-names></name><role>ND</role><xref ref-type="aff" rid="aff02"/></contrib></contrib-group><aff id="aff01"><institution content-type="orgname">Hospital de Cirurgia e Anestesia</institution><institution content-type="orgdiv1">Centro de Estudos do S&#227;o Lucas </institution></aff><aff id="aff02"><institution content-type="orgname">Hospital de Cirurgia e Anestesia</institution><institution content-type="orgdiv1">Servi&#231;o de Anestesiologia do S&#227;o Lucas </institution></aff><pub-date date-type="collection"><month>02</month><year>2003</year></pub-date><volume>53</volume><issue>1</issue><fpage>1</fpage><lpage>8</lpage><history><date date-type="accepted"><day>19</day><month>06</month><year>2002</year></date><date date-type="received"><day>10</day><month>09</month><year>2001</year></date></history><permissions><license license-type="open-access" xlink:href="http://creativecommons.org/licenses/by-nc-nd/4.0/" xml:lang="en"><license-p>This work is licensed under a Creative Commons Attribution-NonCommercial-NoDerivatives 4.0 International License.</license-p></license></permissions><abstract><p>JUSTIFICATIVA E OBJETIVOS: A an&#225;lise espectral do eletroencefalograma vem sendo usada como medida da profundidade anest&#233;sica, n&#237;vel de hipnose e seda&#231;&#227;o de diversos agentes anest&#233;sicos. O objetivo deste estudo foi avaliar os efeitos do N2O sobre os par&#226;metros derivados do eletroencefalograma, n&#237;vel de seda&#231;&#227;o pela Escala Anal&#243;gica de Alerta e Seda&#231;&#227;o (EAS), vari&#225;veis hemodin&#226;micas e ventilat&#243;rias. M&#201;TODO: Participaram do estudo 30 pacientes adultos, de ambos os sexos, estado f&#237;sico ASA I, com idades entre 20 e 40 anos, que se submeteram ao seguinte protocolo: respirar espontaneamente e relaxar de olhos fechados durante dez minutos, sendo coletados dados em tr&#234;s momentos: M1 - antes da oferta de N2O; M2 - N2O a 30% em O2; M3 - N2O a 50% em O2. A coleta dos dados de M2 e M3 foi realizada ap&#243;s quinze minutos da estabiliza&#231;&#227;o das fra&#231;&#245;es expiradas de N2O (FeN2O) em 30% e 50% respectivamente, com o tempo de 5 minutos entre as fra&#231;&#245;es. Os par&#226;metros estudados foram os seguintes: eletroencefalogr&#225;ficos: BIS, SEF1, SEF2, pot&#234;ncia total (PT) e taxa de supress&#227;o (TS); hemodin&#226;micos: freq&#252;&#234;ncia card&#237;aca (FC), press&#227;o arterial sist&#243;lica (PAS), press&#227;o arterial diast&#243;lica (PAD); ventilat&#243;rios: SpO2, P ET CO2, ventila&#231;&#227;o minuto e freq&#252;&#234;ncia respirat&#243;ria; cl&#237;nicos: os pacientes foram classificados numericamente em ordem decrescente (5, 4, 3, 2 e 1) quanto ao seu estado de alerta, pela EAS. RESULTADOS: O N2O a 30% e a 50% modificou estatisticamente o BIS, SEF1, SEF2, PT e o grau de seda&#231;&#227;o pela EAS, ao longo dos momentos estudados. N&#227;o foram observadas modifica&#231;&#245;es clinicamente importantes, pois todos os pacientes mostraram-se cooperativos e levemente sedados, apesar das varia&#231;&#245;es do SEF1 e SEF2 indicarem valores compat&#237;veis com est&#225;gio de hipnose profunda. As varia&#231;&#245;es estat&#237;sticas nos par&#226;metros hemodin&#226;micos e ventilat&#243;rios n&#227;o foram clinicamente significativas. CONCLUS&#213;ES: O N2O a 30% e a 50%, em pacientes sem medica&#231;&#227;o pr&#233;-anest&#233;sica, induzem a um leve estado de seda&#231;&#227;o avaliado pela EAS, havendo correspond&#234;ncia com o BIS, o mesmo n&#227;o ocorrendo com SEF1 e SEF2.</p></abstract><trans-abstract xml:lang="en"><p>BACKGROUND AND OBJECTIVES: Spectral electroencephalography has been used to measure anesthetic depth, hypnosis and sedation levels induced by different anesthetic agents. This study aimed at evaluating the effects of N2O on electroencephalographic (EEG) variables and sedation levels according to Observer Assessment of Alertness/Sedation (OAA/S) scale, as well as on hemodynamic and respiratory parameters. METHODS: Thirty adult patients from both genders, physical status ASA I, aged 20 and 40 years, were submitted to the following protocol: after 10 minutes of relaxation, spontaneously breathing with eyes close, patients were given 30% and 50% N2O concentrations under face mask. Data were collected in three moments: M1- before N2O administration; M2 - 30% N2O in O2; M3 - 50% N2O in O2. Data for M2 and M3 were collected 15 minutes after stabilization of 30% and 50% N2O expired fractions (FeN2O), respectively, with a 5-minute interval between fractions. The following parameters were evaluated: electroencephalographic: BIS, SEF1, SEF2, power energy (PE) and burst suppression (BS); hemodynamic: heart rate (HR), systolic blood pressure (SBP), diastolic blood pressure (DBP); respiratory: oxygen hemoglobin saturation (SpO2), carbon dioxide expired pressure (P ET CO2), minute ventilation and respiratory rate; clinical: patients were rated in a descending order (5, 4, 3, 2 and 1) according to OAA/S scale. RESULTS: N2O administrated at 30% and 50% concentrations has statistically changed BIS, SEF1, SEF2, PE and OAA/S level of sedation in the studied moments. No clinically important changes were observed, as all patients were cooperative and slightly sedated, though SEF1 and SEF2 indications of deep hypnosis. Hemodynamic and respiratory parameters changes were not statistically significant. CONCLUSIONS: N2O at 30% and 50% concentrations in non-premedicated patients has induced mild sedation according to OAA/S scale. There has been correspondence with BIS, but not with SEF1 and SEF2.</p></trans-abstract><trans-abstract xml:lang="es"><p>JUSTIFICATIVA Y OBJETIVOS: El an&#225;lisis espectral del electroencefalograma viene siendo usado como medida de la profundidad anest&#233;sica, nivel de hipnosis y sedaci&#243;n de diversos agentes anest&#233;sicos. El objetivo de este estudio fue evaluar los efectos del N2O sobre los par&#225;metros derivados del electroencefalograma, nivel de sedaci&#243;n por la Escala Anal&#243;gica de Alerta y Sedaci&#243;n (EAS), variables hemodin&#225;micas y ventilatorias. M&#201;TODO: Participaron del estudio 30 pacientes adultos, de ambos sexos, estado f&#237;sico ASA I, con edades entre 20 y 40 a&#241;os, que se sometieron al siguiente protocolo: respirar espont&#225;neamente y relajar de ojos cerrados durante diez minutos, siendo colectados datos en tres momentos: M1 - antes de la oferta de N2O; M2 - N2O a 30% en O2; M3 - N2O a 50% en O2. La colecta de los datos de M2 y M3 fue realizada despu&#233;s de quince minutos de la estabilizaci&#243;n de las fracciones expiradas de N2O (FeN2O) en 30% y 50% respectivamente, con el tiempo de 5 minutos entre las fracciones. Los par&#225;metros estudiados fueron los siguientes: electroencefalogr&#225;ficos: BIS, SEF1, SEF2, potencia total (PT) y tasa de supresi&#243;n (TS); hemodin&#225;micos: frecuencia card&#237;aca (FC), presi&#243;n arterial sist&#243;lica (PAS), presi&#243;n arterial diast&#243;lica (PAD); ventilatorios: SpO2, P ET CO2, ventilaci&#243;n minuto y frecuencia respiratoria; cl&#237;nicos: los pacientes fueron clasificados num&#233;ricamente en orden decreciente (5, 4, 3, 2 y 1) cuanto a su estado de alerta, por la EAS. RESULTADOS: El N2O a 30% y a 50% modific&#243; estad&#237;sticamente el BIS, SEF1, SEF2, PT y el grado de sedaci&#243;n por la EAS, al largo de los momentos estudiados. No fueron observadas modificaciones cl&#237;nicamente importantes, pues todos los pacientes se mostraron cooperativos y levemente sedados, a pesar de las variaciones del SEF1 y SEF2 indicaren valores compatibles con pr&#225;ctica de hipnosis profunda. Las variaciones estad&#237;sticas en los par&#225;metros hemodin&#225;micos y ventilatorios no fueron cl&#237;nicamente significativas. CONCLUSIONES: El N2O a 30% y a 50%, en pacientes sin medicaci&#243;n pr&#233;-anest&#233;sica, inducen a un leve estado de sedaci&#243;n evaluado por la EAS, habiendo correspondencia con el BIS, el mismo no ocurriendo con SEF1 y SEF2.</p></trans-abstract><kwd-group xml:lang="en" kwd-group-type="author-generated"><kwd>ANESTHETICS</kwd><kwd>ANESTHETICS</kwd><kwd>MONITORING</kwd><kwd>MONITORING</kwd><kwd>MONITORING</kwd><kwd>MONITORING</kwd><kwd>MONITORING</kwd></kwd-group><kwd-group xml:lang="pt" kwd-group-type="author-generated"><kwd>ANEST&#201;SICOS</kwd><kwd>ANEST&#201;SICOS</kwd><kwd>MONITORIZA&#199;&#195;O</kwd><kwd>MONITORIZA&#199;&#195;O</kwd><kwd>MONITORIZA&#199;&#195;O</kwd><kwd>MONITORIZA&#199;&#195;O</kwd><kwd>MONITORIZA&#199;&#195;O</kwd></kwd-group><counts><fig-count count="0"/><table-count count="0"/><equation-count count="0"/><ref-count count="24"/><page-count count="8"/></counts></article-meta></front><body><p><bold>ARTIGO CIENTI&#769;FICO</bold></p><p><bold>Avaliac&#807;a&#771;o dos para&#770;metros derivados do eletroencefalograma durante administrac&#807;a&#771;o de diferentes concentrac&#807;o&#771;es de o&#769;xido nitroso</bold></p><p><bold>Evaluation of electroencephalographic parameters during the administration of different nitrous oxide concentrations</bold></p><p><bold>Evaluacio&#769;n de los para&#769;metros derivados del electroencefalograma durante administracio&#769;n de diferentes concentraciones de o&#769;xido nitroso</bold></p><p><bold>Sara Lu&#769;cia Cavalcante, TSA<sup>I</sup>; Rogean Rodrigues Nunes, TSA<sup>II</sup></bold></p><p><sup>I</sup>Coordenadora do Centro de Estudos do Sa&#771;o Lucas, Hospital de Cirurgia e Anestesia </p><p><sup>II</sup>Diretor Cli&#769;nico e Chefe do Servic&#807;o de Anestesiologia do Sa&#771;o Lucas, Hospital de Cirurgia e Anestesia</p><p><xref>Enderec&#807;o para corresponde&#770;ncia</xref></p><p><bold>RESUMO</bold></p><p><bold>JUSTIFICATIVA E OBJETIVOS:</bold> A ana&#769;lise espectral do eletroencefalograma vem sendo usada como medida da profundidade aneste&#769;sica, ni&#769;vel de hipnose e sedac&#807;a&#771;o de diversos agentes aneste&#769;sicos. O objetivo deste estudo foi avaliar os efeitos do N<sub>2</sub>O sobre os para&#770;metros derivados do eletroencefalograma, ni&#769;vel de sedac&#807;a&#771;o pela Escala Analo&#769;gica de Alerta e Sedac&#807;a&#771;o (EAS), varia&#769;veis hemodina&#770;micas e ventilato&#769;rias. </p><p><bold>ME&#769;TODO:</bold> Participaram do estudo 30 pacientes adultos, de ambos os sexos, estado fi&#769;sico ASA I, com idades entre 20 e 40 anos, que se submeteram ao seguinte protocolo: respirar espontaneamente e relaxar de olhos fechados durante dez minutos, sendo coletados dados em tre&#770;s momentos: M1 - antes da oferta de N<sub>2</sub>O; M2 - N<sub>2</sub>O a 30% em O<sub>2</sub>; M3 - N<sub>2</sub>O a 50% em O<sub>2</sub>. A coleta dos dados de M2 e M3 foi realizada apo&#769;s quinze minutos da estabilizac&#807;a&#771;o das frac&#807;o&#771;es expiradas de N<sub>2</sub>O (FeN<sub>2</sub>O) em 30% e 50% respectivamente, com o tempo de 5 minutos entre as frac&#807;o&#771;es. Os para&#770;metros estudados foram os seguintes: eletroencefalogra&#769;ficos: BIS, SEF1, SEF2, pote&#770;ncia total (PT) e taxa de supressa&#771;o (TS); hemodina&#770;micos: frequ&#776;e&#770;ncia cardi&#769;aca (FC), pressa&#771;o arterial sisto&#769;lica (PAS), pressa&#771;o arterial diasto&#769;lica (PAD); ventilato&#769;rios: SpO<sub>2</sub>, P<sub>ET</sub>CO<sub>2</sub>, ventilac&#807;a&#771;o minuto e frequ&#776;e&#770;ncia respirato&#769;ria; cli&#769;nicos: os pacientes foram classificados numericamente em ordem decrescente (5, 4, 3, 2 e 1) quanto ao seu estado de alerta, pela EAS. </p><p><bold>RESULTADOS:</bold> O N<sub>2</sub>O a 30% e a 50% modificou estatisticamente o BIS, SEF1, SEF2, PT e o grau de sedac&#807;a&#771;o pela EAS, ao longo dos momentos estudados. Na&#771;o foram observadas modificac&#807;o&#771;es clinicamente importantes, pois todos os pacientes mostraram-se cooperativos e levemente sedados, apesar das variac&#807;o&#771;es do SEF1 e SEF2 indicarem valores compati&#769;veis com esta&#769;gio de hipnose profunda. As variac&#807;o&#771;es estati&#769;sticas nos para&#770;metros hemodina&#770;micos e ventilato&#769;rios na&#771;o foram clinicamente significativas. </p><p><bold>CONCLUSO&#771;ES:</bold> O N<sub>2</sub>O a 30% e a 50%, em pacientes sem medicac&#807;a&#771;o pre&#769;-aneste&#769;sica, induzem a um leve estado de sedac&#807;a&#771;o avaliado pela EAS, havendo corresponde&#770;ncia com o BIS, o mesmo na&#771;o ocorrendo com SEF1 e SEF2.</p><p><bold>Unitermos</bold>: ANESTE&#769;SICOS, Gasoso: o&#769;xido nitroso; MONITORIZAC&#807;A&#771;O: eletroencefalogra&#769;fica, i&#769;ndice bispectral, pote&#770;ncia total, SEF 95%, taxa de supressa&#771;o</p><p><bold>SUMMARY</bold></p><p><bold>BACKGROUND AND OBJECTIVES:</bold> Spectral electroencephalography has been used to measure anesthetic depth, hypnosis and sedation levels induced by different anesthetic agents. This study aimed at evaluating the effects of N<sub>2</sub>O on electroencephalographic (EEG) variables and sedation levels according to Observer Assessment of Alertness/Sedation (OAA/S) scale, as well as on hemodynamic and respiratory parameters. </p><p><bold>METHODS: </bold>Thirty adult patients from both genders, physical status ASA I, aged 20 and 40 years, were submitted to the following protocol: after 10 minutes of relaxation, spontaneously breathing with eyes close, patients were given 30% and 50% N<sub>2</sub>O concentrations under face mask. Data were collected in three moments: M1- before N<sub>2</sub>O administration; M2 - 30% N<sub>2</sub>O in O<sub>2</sub>; M3 - 50% N<sub>2</sub>O in O<sub>2</sub>. Data for M2 and M3 were collected 15 minutes after stabilization of 30% and 50% N<sub>2</sub>O expired fractions (FeN<sub>2</sub>O), respectively, with a 5-minute interval between fractions. The following parameters were evaluated: electroencephalographic: BIS, SEF1, SEF2, power energy (PE) and burst suppression (BS); hemodynamic: heart rate (HR), systolic blood pressure (SBP), diastolic blood pressure (DBP); respiratory: oxygen hemoglobin saturation (SpO<sub>2</sub>), carbon dioxide expired pressure (P<sub>ET</sub>CO<sub>2</sub>), minute ventilation and respiratory rate; clinical: patients were rated in a descending order (5, 4, 3, 2 and 1) according to OAA/S scale. </p><p><bold>RESULTS:</bold> N<sub>2</sub>O administrated at 30% and 50% concentrations has statistically changed BIS, SEF1, SEF2, PE and OAA/S level of sedation in the studied moments. No clinically important changes were observed, as all patients were cooperative and slightly sedated, though SEF1 and SEF2 indications of deep hypnosis. Hemodynamic and respiratory parameters changes were not statistically significant. </p><p><bold>CONCLUSIONS:</bold> N<sub>2</sub>O at 30% and 50% concentrations in non-premedicated patients has induced mild sedation according to OAA/S scale. There has been correspondence with BIS, but not with SEF1 and SEF2.</p><p><bold>Key Words:</bold> ANESTHETICS, Gaseous, nitrous oxide; MONITORING: electroencephalography: bispectral index, total power, SEF 95%, burst suppression</p><p><bold>RESUMEN</bold></p><p><bold>JUSTIFICATIVA Y OBJETIVOS:</bold> El ana&#769;lisis espectral del electroencefalograma viene siendo usado como medida de la profundidad aneste&#769;sica, nivel de hipnosis y sedacio&#769;n de diversos agentes aneste&#769;sicos. El objetivo de este estudio fue evaluar los efectos del N<sub>2</sub>O sobre los para&#769;metros derivados del electroencefalograma, nivel de sedacio&#769;n por la Escala Analo&#769;gica de Alerta y Sedacio&#769;n (EAS), variables hemodina&#769;micas y ventilatorias. </p><p><bold>ME&#769;TODO:</bold> Participaron del estudio 30 pacientes adultos, de ambos sexos, estado fi&#769;sico ASA I, con edades entre 20 y 40 an&#771;os, que se sometieron al siguiente protocolo: respirar esponta&#769;neamente y relajar de ojos cerrados durante diez minutos, siendo colectados datos en tres momentos: M1 - antes de la oferta de N<sub>2</sub>O; M2 - N<sub>2</sub>O a 30% en O<sub>2</sub>; M3 - N<sub>2</sub>O a 50% en O<sub>2</sub>. La colecta de los datos de M2 y M3 fue realizada despue&#769;s de quince minutos de la estabilizacio&#769;n de las fracciones expiradas de N<sub>2</sub>O (FeN<sub>2</sub>O) en 30% y 50% respectivamente, con el tiempo de 5 minutos entre las fracciones. Los para&#769;metros estudiados fueron los siguientes: electroencefalogra&#769;ficos: BIS, SEF1, SEF2, potencia total (PT) y tasa de supresio&#769;n (TS); hemodina&#769;micos: frecuencia cardi&#769;aca (FC), presio&#769;n arterial sisto&#769;lica (PAS), presio&#769;n arterial diasto&#769;lica (PAD); ventilatorios: SpO<sub>2</sub>, P<sub>ET</sub>CO<sub>2</sub>, ventilacio&#769;n minuto y frecuencia respiratoria; cli&#769;nicos: los pacientes fueron clasificados nume&#769;ricamente en orden decreciente (5, 4, 3, 2 y 1) cuanto a su estado de alerta, por la EAS. </p><p><bold>RESULTADOS:</bold> El N<sub>2</sub>O a 30% y a 50% modifico&#769; estadi&#769;sticamente el BIS, SEF1, SEF2, PT y el grado de sedacio&#769;n por la EAS, al largo de los momentos estudiados. No fueron observadas modificaciones cli&#769;nicamente importantes, pues todos los pacientes se mostraron cooperativos y levemente sedados, a pesar de las variaciones del SEF1 y SEF2 indicaren valores compatibles con pra&#769;ctica de hipnosis profunda. Las variaciones estadi&#769;sticas en los para&#769;metros hemodina&#769;micos y ventilatorios no fueron cli&#769;nicamente significativas. </p><p><bold>CONCLUSIONES:</bold> El N<sub>2</sub>O a 30% y a 50%, en pacientes sin medicacio&#769;n pre&#769;-aneste&#769;sica, inducen a un leve estado de sedacio&#769;n evaluado por la EAS, habiendo correspondencia con el BIS, el mismo no ocurriendo con SEF1 y SEF2.</p><p><bold>INTRODUC&#807;A&#771;O</bold></p><p>O o&#769;xido nitroso (N<sub>2</sub>O) e&#769; usado em anestesia geral balanceada e em sedac&#807;a&#771;o consciente para procedimentos me&#769;dicos e odontolo&#769;gicos <sup>1-3</sup>. Seus efeitos aneste&#769;sicos, analge&#769;sicos em concentrac&#807;o&#771;es sub-aneste&#769;sicas, amne&#769;sicos e psi&#769;quicos te&#770;m permitido um melhor conhecimento cli&#769;nico das indicac&#807;o&#771;es, contra-indicac&#807;o&#771;es e precauc&#807;o&#771;es no uso deste ga&#769;s <sup>4-7</sup>. Outras caracteri&#769;sticas do N<sub>2</sub>O, como a capacidade de ativar o sistema nervoso simpa&#769;tico <sup>8,9</sup>, aumentar o to&#770;nus muscular <sup>10</sup> e acelerar a induc&#807;a&#771;o dos aneste&#769;sicos inalato&#769;rios <sup>11</sup> tambe&#769;m esta&#771;o descritas. A ana&#769;lise bispectral do eletroencefalograma (BIS) vem sendo usada como me&#769;todo para averiguar os efeitos de agentes inalato&#769;rios sobre a profundidade aneste&#769;sica <sup>12</sup> e o ni&#769;vel de sedac&#807;a&#771;o e de hipnose determinado por drogas venosas, como o propofol <sup>13</sup>, midazolam <sup>14</sup>, opio&#769;ides <sup>14</sup> e agonistas a<sub>2</sub>-adrene&#769;rgicos <sup>15</sup>.</p><p>O presente estudo teve por objetivo avaliar os efeitos do N<sub>2</sub>O sobre os para&#770;metros derivados do eletroencefalograma, ni&#769;vel de sedac&#807;a&#771;o atrave&#769;s da Escala Analo&#769;gica de Alerta e Sedac&#807;a&#771;o (EAS) <sup>16</sup>, varia&#769;veis hemodina&#770;micas e ventilato&#769;rias.</p><p><bold>ME&#769;TODO</bold></p><p>Apo&#769;s aprovac&#807;a&#771;o do Comite&#770; de E&#769;tica e o consentimento formal, participaram do estudo 30 pacientes de ambos os sexos, com idades entre 20 e 40 anos, estado fi&#769;sico ASA I e i&#769;ndice de massa corpo&#769;rea entre 22 e 28. Foram exclui&#769;dos pacientes em uso de drogas psicoativas ou passado de doenc&#807;as psiquia&#769;tricas. Nenhum dos pacientes fez uso de medicac&#807;a&#771;o pre&#769;-aneste&#769;sica. Na sala de operac&#807;a&#771;o, apo&#769;s veno&#769;clise, procederam-se as monitorizac&#807;o&#771;es da pressa&#771;o arterial pelo me&#769;todo na&#771;o invasivo, oximetria de pulso e cardiosco&#769;pio em DII e V5. A ana&#769;lise dos para&#770;metros derivados do eletroencefalograma foi feita apo&#769;s montagem de eletrodos de cloreto de prata, utilizando-se dois canais (F7, F8), um terra (Fp1) e um de refere&#770;ncia (Fz). Uma ma&#769;scara facial com dispositivo adequado permitiu perfeito acoplamento ma&#769;scara-face, utilizando um sistema circular com absorvedor de CO<sub>2</sub>, para ventilac&#807;a&#771;o pulmonar. As concentrac&#807;o&#771;es inspiradas e expiradas de oxige&#770;nio (O<sub>2</sub>) e N<sub>2</sub>O, e da pressa&#771;o expirada de dio&#769;xido de carbono (P<sub>ET</sub>CO<sub>2</sub>) foram monitorizadas continuamente, assim como a frequ&#776;e&#770;ncia respirato&#769;ria, atrave&#769;s do analisador de agentes aneste&#769;sicos. A ventilac&#807;a&#771;o por minuto foi registrada por um espiro&#770;metro no ramo expirato&#769;rio do circuito respirato&#769;rio. Os pacientes foram orientados a fechar os olhos e relaxar, concentrando-se na respirac&#807;a&#771;o durante dez minutos, para a seguir coletarem-se os dados em tre&#770;s momentos: M1 - antes da oferta de N<sub>2</sub>O; M2 - N<sub>2</sub>O a 30% em O<sub>2</sub>; M3 - N<sub>2</sub>O a 50% em O<sub>2</sub>. A coleta dos dados de M2 e M3 foi realizada apo&#769;s quinze minutos da estabilizac&#807;a&#771;o das frac&#807;o&#771;es expiradas de N<sub>2</sub>O (FeN<sub>2</sub>O) em 30% e a 50% respectivamente. O tempo de ajuste de 30% e 50% da FeN<sub>2</sub>O foi estabelecido em cinco minutos.</p><p>Os para&#770;metros estudados foram os seguintes: a) eletroencefalogra&#769;ficos: BIS, SEF1, SEF2, pote&#770;ncia total (PT), definida como a medida total absoluta de pote&#770;ncia na faixa de frequ&#776;e&#770;ncia de 0,5 a 30 Hz, sendo seus valores de variac&#807;a&#771;o compreendidos entre 40 e 100 db <sup>17</sup>; b) taxa de supressa&#771;o (TS), definida como percentual de tempo nos u&#769;ltimos 63 segundos em que o EEG registrou amplitudes inferiores a 5 &#956;V (baixa amplitude compati&#769;vel com anestesia profunda) <sup>18</sup>; c) hemodina&#770;micos: frequ&#776;e&#770;ncia cardi&#769;aca (FC), pressa&#771;o arterial sisto&#769;lica (PAS), pressa&#771;o arterial diasto&#769;lica (PAD). Os para&#770;metros hemodina&#770;micos considerados limites inferiores no protocolo foram PAS = 80 mmHg e PAD = 60 mmHg. Os limites superiores de PAS e PAD foram considerados clinicamente importantes acima de 20% dos valores em M1. A FC com variac&#807;o&#771;es maiores que 20% em relac&#807;a&#771;o aos valores em M1 foram consideradas de significa&#770;ncia cli&#769;nica; d) ventilato&#769;rios: saturac&#807;a&#771;o perife&#769;rica de hemoglobina (SpO<sub>2</sub>), pressa&#771;o expirada de dio&#769;xido de carbono (P<sub>ET</sub>CO<sub>2</sub>), ventilac&#807;a&#771;o minuto (VM), frequ&#776;e&#770;ncia respirato&#769;ria (FR); e) cli&#769;nicos: os pacientes foram classificados numericamente em ordem decrescente (5, 4, 3, 2 e 1) quanto ao seu estado de alerta, seguindo a Escala Analo&#769;gica de Sedac&#807;a&#771;o (EAS) <sup>16</sup> onde:</p><p>5 - Resposta imediata quando solicitado pelo nome. Fala normal, expressa&#771;o facial normal e olhos abertos sem queda das pa&#769;lpebras;</p><p>4 - Resposta leta&#769;rgica quando solicitado pelo nome; fala lenta, expressa&#771;o facial relaxada e olhos embac&#807;ados ou com discreta ptose palpebral;</p><p>3 - Resposta somente quando solicitado pelo nome em voz alta ou repetidas vezes. Fala com pronu&#769;ncia indistinta, ininteligi&#769;vel, expressa&#771;o facial relaxada (queda da mandi&#769;bula) e olhos embac&#807;ados com ptose;</p><p>2 - Resposta somente a esti&#769;mulos ta&#769;teis; fala com poucas palavras compreensi&#769;veis;</p><p>1 - Na&#771;o responde a esti&#769;mulos ta&#769;teis.</p><p>Os para&#770;metros estudados foram representados por me&#769;dia e desvio padra&#771;o e submetidos a tratamento estati&#769;stico atrave&#769;s da ana&#769;lise de varia&#770;ncia e posterior aplicac&#807;a&#771;o do teste de Tukey. Adotou-se o ni&#769;vel de significa&#770;ncia de 0,05 (5%). Ni&#769;veis descritivos (p) inferiores a este valor foram considerados significantes.</p><p><bold>RESULTADOS</bold></p><p>Os dados demogra&#769;ficos da amostra estudada esta&#771;o apresentados na <ext-link ext-link-type="uri" xlink:href="1806-907X-rba-53-01-1-8-gpn1a01t1.htm">tabela I</ext-link> e foram considerados homoge&#770;neos. As misturas O<sub>2</sub> + N<sub>2</sub>O a 30% e O<sub>2</sub> + N<sub>2</sub>O a 50% foram bem toleradas por todos os pacientes. Discreta agitac&#807;a&#771;o transito&#769;ria foi observada em tre&#770;s pacientes que inalaram O<sub>2</sub> + N<sub>2</sub>O a 50%. A ana&#769;lise das me&#769;dias do BIS, SEF1 e SEF2 demonstra diferenc&#807;a significativa ao longo do tempo: M1 &gt; M2 &gt; M3 (p &lt; 0,05 entre todos os momentos) (<ext-link ext-link-type="uri" xlink:href="1806-907X-rba-53-01-1-8-gpn1a01g1.htm">Figura 1</ext-link>). A TS foi significativamente diferente com M1 &lt; M2 &lt; M3 (p &lt; 0,05 entre todos os momentos) (<ext-link ext-link-type="uri" xlink:href="1806-907X-rba-53-01-1-8-gpn1a01g2.htm">Figura 2</ext-link>). A TS permaneceu em zero ao longo dos momentos estudados. A variac&#807;a&#771;o no grau de sedac&#807;a&#771;o pela EAS foi significativa e mostrou M1 &gt; M2 &gt; M3 (p &lt; 0,05 entre todos os momentos) (<ext-link ext-link-type="uri" xlink:href="1806-907X-rba-53-01-1-8-gpn1a01t2.htm">Tabela II</ext-link>). Os valores da PAS, PAD e FC nos momentos estudados sa&#771;o significativamente diferentes ao longo do estudo com M3 &gt; M2 &gt; M1 (p &lt; 0,05); entretanto, na&#771;o ultrapassaram os limites pre&#769;-estabelecidos no protocolo (<ext-link ext-link-type="uri" xlink:href="1806-907X-rba-53-01-1-8-gpn1a01t2.htm">Tabela II</ext-link> e <ext-link ext-link-type="uri" xlink:href="1806-907X-rba-53-01-1-8-gpn1a01g3.htm">Figura 3</ext-link>). Na <ext-link ext-link-type="uri" xlink:href="1806-907X-rba-53-01-1-8-gpn1a01t3.htm">tabela III</ext-link> esta&#771;o descritas as me&#769;dias e desvios padro&#771;es referentes a SpO<sub>2</sub>, P<sub>ET</sub>CO<sub>2</sub>, VM e FR. A P<sub>ET</sub>CO<sub>2</sub> variou de modo estatisticamente significativo em que M3 &lt; M2 &lt; M1 (p &lt; 0,05), sem representac&#807;a&#771;o cli&#769;nica significativa (<ext-link ext-link-type="uri" xlink:href="1806-907X-rba-53-01-1-8-gpn1a01g4.htm">Figura 4</ext-link>). A variac&#807;a&#771;o na FR tambe&#769;m foi significativa ao longo do protocolo com M3 &gt; M2 &gt; M1 (p &lt; 0,05 entre todos os momentos), pore&#769;m clinicamente inexpressiva (Figura 5). O VM demonstrou M1 = M2 &lt; M3 (p &lt; 0,05) (<ext-link ext-link-type="uri" xlink:href="1806-907X-rba-53-01-1-8-gpn1a01g5.htm">Figura 5</ext-link>). A SpO<sub>2</sub> apresentou comportamento estati&#769;stico semelhante entre M1 e M2 e entre M2 e M3. Pore&#769;m, a SpO<sub>2</sub> de M3 foi significativamente maior que M1 (p &lt; 0,05) (<ext-link ext-link-type="uri" xlink:href="1806-907X-rba-53-01-1-8-gpn1a01g4.htm">Figura 4</ext-link>).</p><p><bold>DISCUSSA&#771;O</bold></p><p>O N<sub>2</sub>O e&#769; um ga&#769;s inodoro, na&#771;o inflama&#769;vel, com propriedades fi&#769;sico-qui&#769;micas pro&#769;prias de um aneste&#769;sico pouco potente, usado em altas concentrac&#807;o&#771;es <sup>4</sup>. Devido a estas caracteri&#769;sticas, o fluxo de ga&#769;s que passa dos alve&#769;olos para a circulac&#807;a&#771;o pulmonar durante a induc&#807;a&#771;o e&#769; mais ra&#769;pido e superior ao fluxo de ga&#769;s no sentido inverso <sup>4</sup>. A frac&#807;a&#771;o alveolar alcanc&#807;a 90% da frac&#807;a&#771;o inspirada em menos de cinco minutos e a frac&#807;a&#771;o cerebral em menos de sete minutos <sup>4</sup>. Estes dados explicam os tempos empregados neste trabalho: cinco minutos de ajuste na concentrac&#807;a&#771;o do N<sub>2</sub>O e somente quando completados quinze minutos da frac&#807;a&#771;o expirada do N<sub>2</sub>O (FeN<sub>2</sub>O) e&#769; que se procedeu a tomada dos dados.</p><p>Estudo mostra quatro efeitos centrais do N<sub>2</sub>O: psi&#769;quico, amne&#769;sico, analge&#769;sico e cognitivo em diferentes concentrac&#807;o&#771;es: 5% a 25%, 26% a 45%, 46% a 65% e 68% a 85%, respectivamente <sup>19</sup>.</p><p>Na pra&#769;tica cli&#769;nica, encontramos dificuldade em utilizar concentrac&#807;o&#771;es acima de 50%, pela alta incide&#770;ncia de efeitos colaterais como na&#769;useas, ansiedade e vo&#770;mitos, tambe&#769;m documentados por outros autores 7. Outro estudo mostrou uma pequena reduc&#807;a&#771;o no grau de responsividade, classificada por desorientac&#807;a&#771;o, com N<sub>2</sub>O a 30% <sup>20</sup>. Outros autores observaram que o N<sub>2</sub>O a 20% e a 30% causaram prejui&#769;zo nos ni&#769;veis de memo&#769;ria expli&#769;cita, conscie&#770;ncia imediata e sensac&#807;o&#771;es subjetivas <sup>21,22</sup>.</p><p>As variac&#807;o&#771;es encontradas na EAS com ambas concentrac&#807;o&#771;es (30% e 50%) na&#771;o foram clinicamente importantes, uma vez que todos os pacientes mantiveram-se conscientes, capazes de responder a comandos verbais.</p><p>Estas observac&#807;o&#771;es esta&#771;o de acordo com os trabalhos de outros autores <sup>23</sup>, os quais mostraram que a CAM - acordada do N<sub>2</sub>O e&#769; 0,64 CAM e que nesta concentrac&#807;a&#771;o a conscie&#770;ncia na&#771;o e&#769; completamente abolida. As variac&#807;o&#771;es no BIS sa&#771;o compati&#769;veis com o fraco efeito sedativo do N<sub>2</sub>O a 30% e 50%. A ana&#769;lise de SEF1 e SEF2 demonstrou maior densidade de pote&#770;ncia em bandas de frequ&#776;e&#770;ncia baixa, mostrando que o N<sub>2</sub>O apresentou importante efeito lentificador da frequ&#776;e&#770;ncia das ondas cerebrais. A pote&#770;ncia total, outro para&#770;metro eletroencefalogra&#769;fico, teve comportamento estati&#769;stico semelhante ao descrito por outros autores, que demonstraram um aumento da mesma, a&#768; medida que a anestesia se aprofunda <sup>17</sup>. Valores diferentes de zero na derivada da taxa de supressa&#771;o na&#771;o foram observados em nenhum dos pacientes, mostrando que nestas concentrac&#807;o&#771;es, o N<sub>2</sub>O na&#771;o e&#769; capaz de reduzir a amplitude da voltagem do EEG, abaixo de 5 &#956;V <sup>18</sup>.</p><p>As variac&#807;o&#771;es de PAS, PAD, FC e SpO<sub>2</sub> nos momentos estudados na&#771;o ultrapassaram os limites normais pre&#769;-estabelecidos no protocolo.</p><p>Os efeitos do N<sub>2</sub>O sobre os para&#770;metros respirato&#769;rios coincidiram com a descric&#807;a&#771;o cla&#769;ssica deste aneste&#769;sico sobre a ventilac&#807;a&#771;o esponta&#770;nea com aumento da frequ&#776;e&#770;ncia respirato&#769;ria com diminuic&#807;a&#771;o da P<sub>ET</sub>CO<sub>2</sub><sup>4</sup>. O presente trabalho diferiu quanto ao volume minuto, que aumentou significativamente ao longo dos momentos.</p><p>As misturas de N<sub>2</sub>O a 30% em O<sub>2</sub> e N<sub>2</sub>O a 50% em O<sub>2</sub>, em pacientes sem medicac&#807;a&#771;o pre&#769;-aneste&#769;sica, determinaram variac&#807;o&#771;es estatisticamente significativas no BIS, SEF1, SEF2, pote&#770;ncia total e EAS. As variac&#807;o&#771;es mais significativas ocorreram no SEF1 e SEF2, tendo atingido valores correspondentes a planos profundos de hipnose, na&#771;o representando, no entanto, uma corresponde&#770;ncia com a avaliac&#807;a&#771;o cli&#769;nica feita com base na EAS, nem com a variac&#807;a&#771;o do BIS. Hans e col. <sup>24</sup>, em recente estudo, demonstraram que durante procedimento ciru&#769;rgico, o o&#769;xido nitroso (20%, 40% e 60%) produz reduc&#807;a&#771;o significativa dose-dependente no BIS e SEF 95%, sem importantes alterac&#807;o&#771;es nos para&#770;metros hemodina&#770;micos (PA e FC). Entretanto, os autores associaram ao N<sub>2</sub>O, opio&#769;ide peridural, sevoflurano, apo&#769;s induc&#807;a&#771;o com propofol e sufentanil, o que dificulta uma melhor validac&#807;a&#771;o dos resultados obtidos.</p><p>Concluindo, nas condic&#807;o&#771;es empregadas, o N<sub>2</sub>O a 30% e a 50% resultaram em fraco efeito sedativo, na&#771;o abolindo a conscie&#770;ncia. As variac&#807;o&#771;es no BIS foram compati&#769;veis com as mudanc&#807;as na EAS, o mesmo na&#771;o ocorrendo com SEF1 e SEF2, que na&#771;o se mostraram va&#769;lidos como i&#769;ndices quantitativos do grau de hipnose na te&#769;cnica empregada, podendo no entanto, refletir um possi&#769;vel componente analge&#769;sico do o&#769;xido nitroso.</p><p><bold>REFERE&#770;NCIAS</bold></p><p>01. Cahalan MK, Prakash O, Rulf et al - Addition of nitrous oxide to fentanyl anesthesia does not induce myocardial ischemia in patients with ischemic heart disease. Anesthesiology, 1987;67: 925-929. </p><p>02. Notini-Gudmarsson AK, Dolk A, Jakobsson J et al - Nitrous oxide: a valuable alternative for pain relief and sedation during routine colonoscopy. Endoscopy, 1996;28:283-287. </p><p>03. Wilson S - A survey of the American Academy of Pediatric Dentistry membership; nitrous oxide and sedation. Pediatr Dent, 1996;18:287-293. </p><p>04. Cheung AT, Longnecker DE - Pharmacology of Inhalational Anesthetics, em: Crawen L - Principles and Practice of Anesthesiology. USA. Mosby-Year Book. 1998;1123-1157. </p><p>05. Tomi K, Mashimo T, Tashiro C et al - Alterations in pain threshold and psychomotor response associated with subanaesthetic concentrations of inhalation anesthetics in humans. Anesthesiology, 1993;70:684-686. </p><p>06. Dwyer R, Bennett HL, Eger II EI et al - Effects of isoflurane and nitrous oxide in subanesthetic concentrations on memory and responsiveness in volunteers. Anesthesiology, 1992;77: 888-898. </p><p>07. Rampil IJ, Kim JS, Lenhardt R et al - Bispectral EEG Index during nitrous oxide administration. Anesthesiology, 1998;89:671-677. </p><p>08. Ebert TJ - Differential effects of nitrous oxide on baroreflex control of heart rate and peripheral sympathetic nerve activity in humans Anesthesiology, 1990;72:16-22. </p><p>09. Ebert TJ, Kampine JP - Nitrous oxide augments sympathetic outflow: direct evidence from human peroneal nerve recordings. Anesth Analg, 1989;69:444-449. </p><p>10. Hornbein TF Eger II El, Winter PM et al - The minimum alveolar concentration of nitrous oxide in man. Anesth Analg, 1982;61:553-556. </p><p>11. Yamamura T, Fukuda M, Takeya H et al - Fast oscillatory EEG activity induced by analgesic concentrations of nitrous oxide in man. Anesth Analg, 1981;60:283-288. </p><p>12. Nunes RR, Cavalcante SL, Ibiapina RC et al - Effects of sevoflurane plus fentanyl in hemodynamic, endocrine and electroencephalographic responses to tracheal intubation Br J Anesthesiol Int Issue, 2001;12:1-6. </p><p>13. Kearse LAJ, Rosow C, Zaslavsky A et al - Bispectral analysis of the electroencephalogram predicts conscious processing of information during propofol sedation and hypnosis. Anesthesiology, 1998;88:25-34. </p><p>14. Glass PSA, Bloom M, Kearse I et al - Bispectral analysis measures sedation and memory effects of propofol, midazolam, isoflurane and alfentanil in healthy volunteers. Anesthesiology, 1997;86:846-847. </p><p>15. Nunes RR, Cavalcante Sl, Zeferino T - Influe&#770;ncia da clonidina na anestesia inalato&#769;ria com sevoflurano em adultos. Avaliac&#807;a&#771;o pelo i&#769;ndice bispectral. Rev Bras Anestesiol, 1999;49:89-93. </p><p>16. Chernik DA, Gillings D, Laine H et al - Validity and reliability of the observer&amp;#x27;s assessment of alertness/sedation scale: study with intravenous midazolam. J Clin Psychopharmacol, 1990;10:244-251. </p><p>17. Schwender D, Daunderer M, Klasing S et al - Power spectral analysis of the electroencephalogram during increasing end-expiratory concentrations of isoflurane, desflurane and sevoflurane. Anaesthesia, 1998;53:335-342. </p><p>18. Rampil IJ - A primer for EEG signal processing in anesthesia. Anesthesiology, 1998;89:980-1002. </p><p>19. Parbrook GD - Therapeutic use of nitrous oxide: a review. Br J Anaesth, 1968;366-372. </p><p>20. Galinkin JL, Janiszewski D, Young CJ et al - Subjective, psychomotor, cognitive and analgesic effects of subanesthetic concentrations of sevoflurane and nitrous oxide. Anesthesiology, 1997;87:1082-1088. </p><p>21. Henrie JR, Parkhouse J, Bickford RG - Alterations of human consciousness by nitrous oxide as assessed by eletroencepha- lography and psychological test. Anesthesiology, 1961;22: 247-259. </p><p>22. Cook TL, Smith M, Starkweather JA et al - Behavioral effects of trace and subanesthetic halothane and nitrous oxide en man. Anesthesiology, 1978;49:419-424. </p><p>23. Dwyer R, Bennett HL, Eger II El et al - Effects of isoflurane and nitrous oxide in subanesthetic concentrations on memory and responsiveness in volunteers. Anesthesiology, 1992;77:888-898. </p><p>24. Hans P, Bonhomme V, Benmansour H et al - Effect of nitrous oxide on the bispectral index and the 95% spectral edge frequency of the electroencephalogram during surgery. Anaesthesia, 2001;56:999-1002. </p><p><bold>Enderec&#807;o para Corresponde&#770;ncia</bold></p><p> Dra. Sara Lu&#769;cia Cavalcante </p><p> Rua Rocha Lima, 1290/1304 </p><p> 60135-000 Fortaleza, CE </p><p> E-mail: <ext-link ext-link-type="email" xlink:href="mailto:saralucia@fortalnet.com.br">saralucia@fortalnet.com.br</ext-link></p><p>Apresentado em 10 de setembro de 2001 </p><p> Aceito para publicac&#807;a&#771;o em 19 de junho de 2002 </p><p>Recebido do Servic&#807;o de Anestesiologia do Sa&#771;o Lucas, Hospital de Cirurgia e Anestesia </p></body><back><ref-list><ref id="B1"><mixed-citation>01. Cahalan MK,    Prakash O, Rulf et al - Addition of nitrous oxide to fentanyl anesthesia does    not induce myocardial ischemia in patients with ischemic heart disease. Anesthesiology,    1987;67: 925-929.</mixed-citation><element-citation publication-type="journal"><article-title>Addition of nitrous oxide to fentanyl anesthesia does not induce myocardial ischemia in patients with ischemic heart disease</article-title><source>Anesthesiology</source><date><year>1987</year></date><fpage>925</fpage><lpage>929</lpage><volume>67</volume><person-group person-group-type="author"><name><surname>Cahalan</surname><given-names>MK</given-names></name><name><surname>Prakash</surname><given-names>O</given-names></name><name><surname>Rulf</surname></name></person-group></element-citation></ref><ref id="B2"><mixed-citation>02. Notini-Gudmarsson    AK, Dolk A, Jakobsson J et al - Nitrous oxide: a valuable alternative for pain    relief and sedation during routine colonoscopy. Endoscopy, 1996;28:283-287.</mixed-citation><element-citation publication-type="journal"><article-title>Nitrous oxide: a valuable alternative for pain relief and sedation during routine colonoscopy</article-title><source>Endoscopy</source><date><year>1996</year></date><fpage>283</fpage><lpage>287</lpage><volume>28</volume><person-group person-group-type="author"><name><surname>Notini-Gudmarsson</surname><given-names>AK</given-names></name><name><surname>Dolk</surname><given-names>A</given-names></name><name><surname>Jakobsson</surname><given-names>J</given-names></name></person-group></element-citation></ref><ref id="B3"><mixed-citation>03. Wilson S -    A survey of the American Academy of Pediatric Dentistry membership; nitrous    oxide and sedation. Pediatr Dent, 1996;18:287-293.</mixed-citation><element-citation publication-type="journal"><article-title>A survey of the American Academy of Pediatric Dentistry membership; nitrous oxide and sedation</article-title><source>Pediatr Dent</source><date><year>1996</year></date><fpage>287</fpage><lpage>293</lpage><volume>18</volume><person-group person-group-type="author"><name><surname>Wilson</surname><given-names>S</given-names></name></person-group></element-citation></ref><ref id="B4"><mixed-citation>04. Cheung AT,    Longnecker DE - Pharmacology of Inhalational Anesthetics, em: Crawen L - Principles    and Practice of Anesthesiology. USA. Mosby-Year Book. 1998;1123-1157.</mixed-citation><element-citation publication-type="book"><source>- Principles and Practice of Anesthesiology</source><date><year>1998</year></date><fpage>1123</fpage><lpage>1157</lpage><person-group person-group-type="author"><name><surname>Cheung</surname><given-names>AT</given-names></name><name><surname>Longnecker</surname><given-names>DE</given-names></name><name><surname>Crawen</surname><given-names>L</given-names></name></person-group></element-citation></ref><ref id="B5"><mixed-citation>05. Tomi K, Mashimo    T, Tashiro C et al - Alterations in pain threshold and psychomotor response    associated with subanaesthetic concentrations of inhalation anesthetics in humans.    Anesthesiology, 1993;70:684-686.</mixed-citation><element-citation publication-type="journal"><article-title>Alterations in pain threshold and psychomotor response associated with subanaesthetic concentrations of inhalation anesthetics in humans</article-title><source>Anesthesiology</source><date><year>1993</year></date><fpage>684</fpage><lpage>686</lpage><volume>70</volume><person-group person-group-type="author"><name><surname>Tomi</surname><given-names>K</given-names></name><name><surname>Mashimo</surname><given-names>T</given-names></name><name><surname>Tashiro</surname><given-names>C</given-names></name></person-group></element-citation></ref><ref id="B6"><mixed-citation>06. Dwyer R, Bennett    HL, Eger II EI et al - Effects of isoflurane and nitrous oxide in subanesthetic    concentrations on memory and responsiveness in volunteers. Anesthesiology, 1992;77:    888-898.</mixed-citation><element-citation publication-type="journal"><article-title>Effects of isoflurane and nitrous oxide in subanesthetic concentrations on memory and responsiveness in volunteers</article-title><source>Anesthesiology</source><date><year>1992</year></date><fpage>888</fpage><lpage>898</lpage><volume>77</volume><person-group person-group-type="author"><name><surname>Dwyer</surname><given-names>R</given-names></name><name><surname>Bennett</surname><given-names>HL</given-names></name><name><surname>Eger II</surname><given-names>EI</given-names></name></person-group></element-citation></ref><ref id="B7"><mixed-citation>07. Rampil IJ,    Kim JS, Lenhardt R et al - Bispectral EEG Index during nitrous oxide administration.    Anesthesiology, 1998;89:671-677.</mixed-citation><element-citation publication-type="journal"><article-title>Bispectral EEG Index during nitrous oxide administration</article-title><source>Anesthesiology</source><date><year>1998</year></date><fpage>671</fpage><lpage>677</lpage><volume>89</volume><person-group person-group-type="author"><name><surname>Rampil</surname><given-names>IJ</given-names></name><name><surname>Kim</surname><given-names>JS</given-names></name><name><surname>Lenhardt</surname><given-names>R</given-names></name></person-group></element-citation></ref><ref id="B8"><mixed-citation>08. Ebert TJ -    Differential effects of nitrous oxide on baroreflex control of heart rate and    peripheral sympathetic nerve activity in humans Anesthesiology, 1990;72:16-22.</mixed-citation><element-citation publication-type="journal"><article-title>Differential effects of nitrous oxide on baroreflex control of heart rate and peripheral sympathetic nerve activity in humans</article-title><source>Anesthesiology</source><date><year>1990</year></date><fpage>16</fpage><lpage>22</lpage><volume>72</volume><person-group person-group-type="author"><name><surname>Ebert</surname><given-names>TJ</given-names></name></person-group></element-citation></ref><ref id="B9"><mixed-citation>09. Ebert TJ, Kampine    JP - Nitrous oxide augments sympathetic outflow: direct evidence from human    peroneal nerve recordings. Anesth Analg, 1989;69:444-449.</mixed-citation><element-citation publication-type="journal"><article-title>Nitrous oxide augments sympathetic outflow: direct evidence from human peroneal nerve recordings</article-title><source>Anesth Analg</source><date><year>1989</year></date><fpage>444</fpage><lpage>449</lpage><volume>69</volume><person-group person-group-type="author"><name><surname>Ebert</surname><given-names>TJ</given-names></name><name><surname>Kampine</surname><given-names>JP</given-names></name></person-group></element-citation></ref><ref id="B10"><mixed-citation>10. Hornbein TF    Eger II El, Winter PM et al - The minimum alveolar concentration of nitrous    oxide in man. Anesth Analg, 1982;61:553-556.</mixed-citation><element-citation publication-type="journal"><article-title>The minimum alveolar concentration of nitrous oxide in man</article-title><source>Anesth Analg</source><date><year>1982</year></date><fpage>553</fpage><lpage>556</lpage><volume>61</volume><person-group person-group-type="author"><name><surname>Hornbein</surname><given-names>TF</given-names></name><name><surname>Eger II</surname><given-names>El</given-names></name><name><surname>Winter</surname><given-names>PM</given-names></name></person-group></element-citation></ref><ref id="B11"><mixed-citation>11. Yamamura T,    Fukuda M, Takeya H et al - Fast oscillatory EEG activity induced by analgesic    concentrations of nitrous oxide in man. Anesth Analg, 1981;60:283-288.</mixed-citation><element-citation publication-type="journal"><article-title>Fast oscillatory EEG activity induced by analgesic concentrations of nitrous oxide in man</article-title><source>Anesth Analg</source><date><year>1981</year></date><fpage>283</fpage><lpage>288</lpage><volume>60</volume><person-group person-group-type="author"><name><surname>Yamamura</surname><given-names>T</given-names></name><name><surname>Fukuda</surname><given-names>M</given-names></name><name><surname>Takeya</surname><given-names>H</given-names></name></person-group></element-citation></ref><ref id="B12"><mixed-citation>12. Nunes RR, Cavalcante    SL, Ibiapina RC et al - Effects of sevoflurane plus fentanyl in hemodynamic,    endocrine and electroencephalographic responses to tracheal intubation Br J    Anesthesiol Int Issue, 2001;12:1-6.</mixed-citation><element-citation publication-type="journal"><article-title>Effects of sevoflurane plus fentanyl in hemodynamic, endocrine and electroencephalographic responses to tracheal intubation</article-title><source>Br J Anesthesiol Int Issue</source><date><year>2001</year></date><fpage>1</fpage><lpage>6</lpage><volume>12</volume><person-group person-group-type="author"><name><surname>Nunes</surname><given-names>RR</given-names></name><name><surname>Cavalcante</surname><given-names>SL</given-names></name><name><surname>Ibiapina</surname><given-names>RC</given-names></name></person-group></element-citation></ref><ref id="B13"><mixed-citation>13. Kearse LAJ,    Rosow C, Zaslavsky A et al - Bispectral analysis of the electroencephalogram    predicts conscious processing of information during propofol sedation and hypnosis.    Anesthesiology, 1998;88:25-34.</mixed-citation><element-citation publication-type="journal"><article-title>Bispectral analysis of the electroencephalogram predicts conscious processing of information during propofol sedation and hypnosis</article-title><source>Anesthesiology</source><date><year>1998</year></date><fpage>25</fpage><lpage>34</lpage><volume>88</volume><person-group person-group-type="author"><name><surname>Kearse</surname><given-names>LAJ</given-names></name><name><surname>Rosow</surname><given-names>C</given-names></name><name><surname>Zaslavsky</surname><given-names>A</given-names></name></person-group></element-citation></ref><ref id="B14"><mixed-citation>14. Glass PSA,    Bloom M, Kearse I et al - Bispectral analysis measures sedation and memory effects    of propofol, midazolam, isoflurane and alfentanil in healthy volunteers. Anesthesiology,    1997;86:846-847.</mixed-citation><element-citation publication-type="journal"><article-title>Bispectral analysis measures sedation and memory effects of propofol, midazolam, isoflurane and alfentanil in healthy volunteers</article-title><source>Anesthesiology</source><date><year>1997</year></date><fpage>846</fpage><lpage>847</lpage><volume>86</volume><person-group person-group-type="author"><name><surname>Glass</surname><given-names>PSA</given-names></name><name><surname>Bloom</surname><given-names>M</given-names></name><name><surname>Kearse</surname><given-names>I</given-names></name></person-group></element-citation></ref><ref id="B15"><mixed-citation>15. Nunes RR, Cavalcante    Sl, Zeferino T - Influ&#281;ncia da clonidina na anestesia inalat&#243;ria com sevoflurano    em adultos. Avalia&#231;&#259;o pelo &#237;ndice bispectral. Rev Bras Anestesiol, 1999;49:89-93.</mixed-citation><element-citation publication-type="journal"><article-title>Influ&#234;ncia da clonidina na anestesia inalat&#243;ria com sevoflurano em adultos: Avalia&#231;&#227;o pelo &#237;ndice bispectral</article-title><source>Rev Bras Anestesiol</source><date><year>1999</year></date><fpage>89</fpage><lpage>93</lpage><volume>49</volume><person-group person-group-type="author"><name><surname>Nunes</surname><given-names>RR</given-names></name><name><surname>Cavalcante</surname><given-names>Sl</given-names></name><name><surname>Zeferino</surname><given-names>T</given-names></name></person-group></element-citation></ref><ref id="B16"><mixed-citation>16. Chernik DA,    Gillings D, Laine H et al - Validity and reliability of the observer's assessment    of alertness/sedation scale: study with intravenous midazolam. J Clin Psychopharmacol,    1990;10:244-251.</mixed-citation><element-citation publication-type="journal"><article-title>Validity and reliability of the observer's assessment of alertness/sedation scale: study with intravenous midazolam</article-title><source>J Clin Psychopharmacol</source><date><year>1990</year></date><fpage>244</fpage><lpage>251</lpage><volume>10</volume><person-group person-group-type="author"><name><surname>Chernik</surname><given-names>DA</given-names></name><name><surname>Gillings</surname><given-names>D</given-names></name><name><surname>Laine</surname><given-names>H</given-names></name></person-group></element-citation></ref><ref id="B17"><mixed-citation>17. Schwender D,    Daunderer M, Klasing S et al - Power spectral analysis of the electroencephalogram    during increasing end-expiratory concentrations of isoflurane, desflurane and    sevoflurane. Anaesthesia, 1998;53:335-342.</mixed-citation><element-citation publication-type="journal"><article-title>Power spectral analysis of the electroencephalogram during increasing end-expiratory concentrations of isoflurane, desflurane and sevoflurane</article-title><source>Anaesthesia</source><date><year>1998</year></date><fpage>335</fpage><lpage>342</lpage><volume>53</volume><person-group person-group-type="author"><name><surname>Schwender</surname><given-names>D</given-names></name><name><surname>Daunderer</surname><given-names>M</given-names></name><name><surname>Klasing</surname><given-names>S</given-names></name></person-group></element-citation></ref><ref id="B18"><mixed-citation>18. Rampil IJ -    A primer for EEG signal processing in anesthesia. Anesthesiology, 1998;89:980-1002.</mixed-citation><element-citation publication-type="journal"><article-title>A primer for EEG signal processing in anesthesia</article-title><source>Anesthesiology</source><date><year>1998</year></date><fpage>980</fpage><lpage>1002</lpage><volume>89</volume><person-group person-group-type="author"><name><surname>Rampil</surname><given-names>IJ</given-names></name></person-group></element-citation></ref><ref id="B19"><mixed-citation>19. Parbrook GD    - Therapeutic use of nitrous oxide: a review. Br J Anaesth, 1968;366-372.</mixed-citation><element-citation publication-type="journal"><article-title>Therapeutic use of nitrous oxide: a review</article-title><source>Br J Anaesth</source><date><year>1968</year></date><fpage>366</fpage><lpage>372</lpage><person-group person-group-type="author"><name><surname>Parbrook</surname><given-names>GD</given-names></name></person-group></element-citation></ref><ref id="B20"><mixed-citation>20. Galinkin JL,    Janiszewski D, Young CJ et al - Subjective, psychomotor, cognitive and analgesic    effects of subanesthetic concentrations of sevoflurane and nitrous oxide. Anesthesiology,    1997;87:1082-1088.</mixed-citation><element-citation publication-type="journal"><article-title>Subjective, psychomotor, cognitive and analgesic effects of subanesthetic concentrations of sevoflurane and nitrous oxide</article-title><source>Anesthesiology</source><date><year>1997</year></date><fpage>1082</fpage><lpage>1088</lpage><volume>87</volume><person-group person-group-type="author"><name><surname>Galinkin</surname><given-names>JL</given-names></name><name><surname>Janiszewski</surname><given-names>D</given-names></name><name><surname>Young</surname><given-names>CJ</given-names></name></person-group></element-citation></ref><ref id="B21"><mixed-citation>21. Henrie JR,    Parkhouse J, Bickford RG - Alterations of human consciousness by nitrous oxide    as assessed by eletroencepha- lography and psychological test. Anesthesiology,    1961;22: 247-259.</mixed-citation><element-citation publication-type="journal"><article-title>Alterations of human consciousness by nitrous oxide as assessed by eletroencepha- lography and psychological test</article-title><source>Anesthesiology</source><date><year>1961</year></date><fpage>247</fpage><lpage>259</lpage><volume>22</volume><person-group person-group-type="author"><name><surname>Henrie</surname><given-names>JR</given-names></name><name><surname>Parkhouse</surname><given-names>J</given-names></name><name><surname>Bickford</surname><given-names>RG</given-names></name></person-group></element-citation></ref><ref id="B22"><mixed-citation>22. Cook TL, Smith    M, Starkweather JA et al - Behavioral effects of trace and subanesthetic halothane    and nitrous oxide en man. Anesthesiology, 1978;49:419-424.</mixed-citation><element-citation publication-type="journal"><article-title>Behavioral effects of trace and subanesthetic halothane and nitrous oxide en man</article-title><source>Anesthesiology</source><date><year>1978</year></date><fpage>419</fpage><lpage>424</lpage><volume>49</volume><person-group person-group-type="author"><name><surname>Cook</surname><given-names>TL</given-names></name><name><surname>Smith</surname><given-names>M</given-names></name><name><surname>Starkweather</surname><given-names>JA</given-names></name></person-group></element-citation></ref><ref id="B23"><mixed-citation>23. Dwyer R, Bennett    HL, Eger II El et al - Effects of isoflurane and nitrous oxide in subanesthetic    concentrations on memory and responsiveness in volunteers. Anesthesiology, 1992;77:888-898.</mixed-citation><element-citation publication-type="journal"><article-title>Effects of isoflurane and nitrous oxide in subanesthetic concentrations on memory and responsiveness in volunteers</article-title><source>Anesthesiology</source><date><year>1992</year></date><fpage>888</fpage><lpage>898</lpage><volume>77</volume><person-group person-group-type="author"><name><surname>Dwyer</surname><given-names>R</given-names></name><name><surname>Bennett</surname><given-names>HL</given-names></name><name><surname>Eger II</surname><given-names>El</given-names></name></person-group></element-citation></ref><ref id="B24"><mixed-citation>24. Hans P, Bonhomme    V, Benmansour H et al - Effect of nitrous oxide on the bispectral index and    the 95% spectral edge frequency of the electroencephalogram during surgery.    Anaesthesia, 2001;56:999-1002.</mixed-citation><element-citation publication-type="journal"><article-title>Effect of nitrous oxide on the bispectral index and the 95% spectral edge frequency of the electroencephalogram during surgery</article-title><source>Anaesthesia</source><date><year>2001</year></date><fpage>999</fpage><lpage>1002</lpage><volume>56</volume><person-group person-group-type="author"><name><surname>Hans</surname><given-names>P</given-names></name><name><surname>Bonhomme</surname><given-names>V</given-names></name><name><surname>Benmansour</surname><given-names>H</given-names></name></person-group></element-citation></ref></ref-list></back></article>